Top pages,Clicks,Impressions,CTR,Position
https://wiziot.com/,6,14,42.86%,2.71
https://www.wiziot.com/,1,10,10%,2.4
https://www.wiziot.com/blog/gps-spoofing-protection-commercial-haulage-fleets,1,9,11.11%,16.89
https://www.wiziot.com/medellin/blog/gps-tracker-stops-working-at-border-romania-ukraine,1,7,14.29%,2.14
https://www.wiziot.com/blog/how-drivers-try-to-bypass-fuel-sensors-and-how-to-stop-them,1,7,14.29%,6.57
https://www.wiziot.com/blog/rf-interference-detection-cellular-fallback-telematics,1,5,20%,2.6
https://www.wiziot.com/blog/gps-tracker-stops-working-at-border-romania-ukraine,1,5,20%,5
https://www.wiziot.com/blog/safe-remote-engine-cut-off-protocols-commercial-trucks,1,2,50%,3.5
https://www.wiziot.com/lagos/blog/off-road-telemetry-that-works-without-cellular-coverage-in-remote-pits,1,1,100%,2
https://www.wiziot.com/solutions/ev-fleets,0,86,0%,71.27
https://www.wiziot.com/blog/heavy-equipment-asset-tracking-construction-excavators-cranes,0,62,0%,61.32
https://www.wiziot.com/solutions/healthcare,0,42,0%,65
https://www.wiziot.com/solutions/telematics,0,33,0%,47.64
https://www.wiziot.com/blog/how-to-detect-gps-jammer-trucks-romania-hungary,0,22,0%,12.18
https://www.wiziot.com/rotterdam,0,20,0%,49.35
https://www.wiziot.com/pricing,0,19,0%,35.26
https://www.wiziot.com/kuala-lumpur,0,17,0%,53
https://www.wiziot.com/dubai,0,16,0%,64.69
https://www.wiziot.com/solutions,0,15,0%,12
https://www.wiziot.com/platform,0,14,0%,14.43
https://www.wiziot.com/blog/multi-country-roaming-sim-cost-optimization-logistics,0,14,0%,70.64
https://www.wiziot.com/blog/atex-zone-0-certified-telemetry-for-petroleum-tankers-operating-in-saudi-refiner,0,13,0%,5.69
https://www.wiziot.com/blog/mining-dump-truck-telematics-payload-tire-pressure-monitoring,0,11,0%,38.82
https://www.wiziot.com/contact,0,10,0%,4.5
https://www.wiziot.com/blog/reefer-maintenance-predictive-compressor-failure,0,9,0%,7.33
https://www.wiziot.com/solutions/school-transport,0,9,0%,52.78
https://www.wiziot.com/budapest,0,8,0%,25.12
https://www.wiziot.com/johannesburg,0,8,0%,31.38
https://www.wiziot.com/blog/truck-gps-no-signal-at-border-zambia-tanzania-roaming,0,7,0%,5.71
https://www.wiziot.com/blog/reefer-fuel-level-monitoring-generator-failure,0,7,0%,6.29
https://www.wiziot.com/budapest/blog/atex-zone-0-certified-telemetry-for-petroleum-tankers-operating-in-saudi-refiner,0,7,0%,8
https://www.wiziot.com/perth/blog/multi-carrier-esim-vs-nano-sim-commercial-fleets,0,7,0%,41.86
https://www.wiziot.com/solutions/cold-chain,0,7,0%,41.86
https://www.wiziot.com/solutions/public-transit,0,7,0%,53.14
https://www.wiziot.com/blog,0,6,0%,3
https://www.wiziot.com/blog/reefer-alarm-not-working-food-spoiled-south-africa,0,6,0%,14.67
https://www.wiziot.com/blog/prevent-diesel-theft-fuel-tankers-south-africa,0,6,0%,35.5
https://www.wiziot.com/solutions/industrial-iot,0,6,0%,39.17
https://www.wiziot.com/blog/multi-carrier-esim-vs-nano-sim-commercial-fleets,0,6,0%,61.83
https://www.wiziot.com/blog/real-time-yard-inventory-accuracy-for-container-chassis-in-singapore-terminals,0,6,0%,86.17
https://www.wiziot.com/blog/video-telematics-gdpr-privacy-driver-compliance,0,5,0%,4.2
https://www.wiziot.com/blog/eu-gsr-2024-intelligent-speed-assistance-isa,0,5,0%,4.4
https://www.wiziot.com/blog/fuel-theft-reduction-roi-calculator-commercial-fleets,0,5,0%,5.6
https://www.wiziot.com/warsaw,0,5,0%,6
https://www.wiziot.com/blog/iso-26262-remote-engine-immobilizer-safety,0,5,0%,6.8
https://www.wiziot.com/medellin/blog/reefer-alarm-not-working-food-spoiled-south-africa,0,5,0%,7
https://www.wiziot.com/johannesburg/blog/reefer-temperature-alarm-failed-vaccines-spoiled-kenya,0,5,0%,7.4
https://www.wiziot.com/blog/multi-zone-reefer-temperature-telematics-frozen-chilled,0,5,0%,8
https://www.wiziot.com/locations/durban,0,5,0%,9.2
https://www.wiziot.com/blog/gps-signal-lost-suddenly-trucks-poland-cargo-theft,0,5,0%,16.6
https://www.wiziot.com/blog/reefer-solar-powered-telematics-unpowered-trailers,0,5,0%,19.6
https://www.wiziot.com/blog/multi-sim-roaming-cost-control-strategies-for-high-frequency-causeway-operators,0,5,0%,42.8
https://www.wiziot.com/blog/fleet-maintenance-software-api-integration-work-orders,0,5,0%,68.2
https://www.wiziot.com/krakow,0,4,0%,3.5
https://www.wiziot.com/constanta,0,4,0%,4
https://www.wiziot.com/perth/blog/truck-gps-no-signal-at-border-zambia-tanzania-roaming,0,4,0%,4.25
https://www.wiziot.com/abu-dhabi/blog/reefer-alarm-not-working-food-spoiled-south-africa,0,4,0%,5.25
https://www.wiziot.com/medellin/blog/multi-zone-reefer-temperature-telematics-frozen-chilled,0,4,0%,14.25
https://www.wiziot.com/blog/gps-jamming-detection-system-fleet-poland,0,4,0%,18.5
https://www.wiziot.com/blog/satellite-cellular-hybrid-connectivity-for-truly-remote-australian-mining-sites,0,4,0%,22.25
https://www.wiziot.com/blog/anti-jamming-hardware-ruggedized-for-african-unpaved-high-risk-roads,0,4,0%,36.25
https://www.wiziot.com/blog/dual-tank-equalization-monitoring-that-stops-internal-theft-in-kenyan-transport-,0,4,0%,49.5
https://www.wiziot.com/blog/extreme-dust-and-high-pressure-washdown-protection-for-australian-mining-fleets,0,4,0%,73.25
https://www.wiziot.com/blog/remote-immobilize-stolen-truck-kenya-app,0,3,0%,3.67
https://www.wiziot.com/blog/air-cargo-to-road-cold-chain-handover-monitoring,0,3,0%,4.33
https://www.wiziot.com/blog/how-to-stop-fuel-theft-trucks-nigeria-fleet-owner,0,3,0%,5
https://www.wiziot.com/durban,0,3,0%,5.33
https://www.wiziot.com/blog/fuel-monitoring-system-with-sensor-kenya-trucks-price,0,3,0%,6
https://www.wiziot.com/blog/atex-zone-0-petroleum-tanker-fuel-telematics,0,3,0%,7.67
https://www.wiziot.com/nairobi,0,3,0%,8.33
https://www.wiziot.com/locations/warsaw,0,3,0%,11.33
https://www.wiziot.com/blog/preventing-undeclared-driving-time-through-continuous-tachograph-monitoring,0,3,0%,14.67
https://www.wiziot.com/mexico-city/blog/container-chassis-ble-asset-tracker-logistics,0,3,0%,14.67
https://www.wiziot.com/blog/electronic-seal-locks-container-cargo-theft-prevention,0,3,0%,18.33
https://www.wiziot.com/blog/predictive-engine-maintenance-telematics-dtc-error-codes,0,3,0%,24.67
https://www.wiziot.com/riyadh/blog/how-mine-operators-in-indonesia-reduced-mean-time-to-repair-with-live-data,0,3,0%,47.67
https://www.wiziot.com/blog/how-malaysian-operators-maintained-visibility-during-causeway-peak-hour-congesti,0,3,0%,49
https://www.wiziot.com/blog/end-to-end-compliance-visibility-across-spain-hungary-and-eastern-corridors,0,3,0%,51.33
https://www.wiziot.com/blog/how-saudi-petroleum-haulers-met-strict-aramco-telematics-mandates,0,3,0%,57
https://www.wiziot.com/mombasa,0,3,0%,62.33
https://www.wiziot.com/perth/blog/how-german-logistics-heads-stopped-cargo-disruptions-with-instant-jammer-alerts,0,3,0%,67.67
https://www.wiziot.com/blog/mining-dump-truck-ip69k-heavy-vibration-telemetry,0,3,0%,82.33
https://www.wiziot.com/blog/instant-exception-alerts-when-chassis-leave-designated-zones-unauthorized,0,2,0%,1.5
https://www.wiziot.com/blog/remote-engine-kill-switch-truck-hijacking-south-africa,0,2,0%,2
https://www.wiziot.com/blog/dms-driver-fatigue-monitoring-camera-telematics,0,2,0%,3
https://www.wiziot.com/jeddah/blog/capacitive-probe-calibration-that-passes-iso-17025-audits-in-eastern-europe,0,2,0%,3
https://www.wiziot.com/rotterdam/blog/fake-fuel-receipts-fleet-management-nigeria-solution,0,2,0%,3
https://www.wiziot.com/blog/multi-sim-devices-that-switch-instantly-between-singapore-and-malaysian-networks,0,2,0%,4
https://www.wiziot.com/rotterdam/blog/how-drivers-try-to-bypass-fuel-sensors-and-how-to-stop-them,0,2,0%,4
https://www.wiziot.com/blog/anti-hijack-panic-buttons-high-risk-transit-routes,0,2,0%,5
https://www.wiziot.com/blog/capacitive-fuel-probe-calibration-guide-heavy-trucks,0,2,0%,5.5
https://www.wiziot.com/blog/fuel-card-fraud-vs-iot-sensor-reconciliation,0,2,0%,5.5
https://www.wiziot.com/cairo,0,2,0%,5.5
https://www.wiziot.com/mexico-city/blog/gps-tracker-stops-working-at-border-romania-ukraine,0,2,0%,5.5
https://www.wiziot.com/blog/cross-border-beitbridge-namanga-telematics-tracking-guide,0,2,0%,6
https://www.wiziot.com/riyadh/blog/preventing-manipulation-of-tachograph-data-on-long-poland-to-spain-hauls,0,2,0%,6
https://www.wiziot.com/blog/explosion-proof-camera-and-sensor-integration-for-petroleum-tanker-security,0,2,0%,7
https://www.wiziot.com/johannesburg/blog/how-german-fleet-managers-automated-tachograph-analysis-for-compliance-teams,0,2,0%,7
https://www.wiziot.com/lagos/blog/cold-chain-monitoring-reefer-trailer-nigeria-vaccines,0,2,0%,7.5
https://www.wiziot.com/blog/adas-forward-collision-warning-highway-freight,0,2,0%,8
https://www.wiziot.com/johor-bahru/blog/predictive-maintenance-schedules-driven-by-real-equipment-telemetry,0,2,0%,8
https://www.wiziot.com/blog/bms-telemetry-that-supports-residual-value-protection,0,2,0%,8.5
https://www.wiziot.com/blog/reefer-temperature-alarm-failed-vaccines-spoiled-kenya,0,2,0%,9
https://www.wiziot.com/warsaw/blog/rough-road-damage-truck-suspension-monitoring-africa,0,2,0%,9
https://www.wiziot.com/jeddah/blog/how-to-detect-gps-jammer-trucks-romania-hungary,0,2,0%,9.5
https://www.wiziot.com/rotterdam/blog/real-time-driver-availability-forecasting-using-connected-tachograph-feeds,0,2,0%,10
https://www.wiziot.com/blog/truck-theft-recovery-armed-response-api-integration,0,2,0%,11
https://www.wiziot.com/jeddah/blog/maintaining-full-telemetry-continuity-during-long-queues-at-woodlands-and-tuas,0,2,0%,13
https://www.wiziot.com/blog/door-open-sensor-cold-chain-thermal-leak-prevention,0,2,0%,13.5
https://www.wiziot.com/johor-bahru/pricing,0,2,0%,14.5
https://www.wiziot.com/blog/can-bus-fuel-consumption-vs-fuel-sensor-accuracy,0,2,0%,17.5
https://www.wiziot.com/blog/extending-ev-range-through-predictive-thermal-management-in-australia,0,2,0%,19
https://www.wiziot.com/blog/how-malaysian-logistics-directors-improved-on-time-delivery-across-the-causeway,0,2,0%,19.5
https://www.wiziot.com/abu-dhabi/blog/how-drivers-try-to-bypass-fuel-sensors-and-how-to-stop-them,0,2,0%,22.5
https://www.wiziot.com/blog/agricultural-tractor-combine-harvester-telematics-tracking,0,2,0%,27.5
https://www.wiziot.com/blog/fuel-volume-discrepancy-alerts-that-trigger-immediate-investigations,0,2,0%,32
https://www.wiziot.com/blog/real-time-alerts-that-triggered-immediate-driver-interviews-in-south-africa,0,2,0%,33.5
https://www.wiziot.com/perth/blog/real-time-port-gate-and-yard-tracking-at-mombasa-terminal,0,2,0%,35
https://www.wiziot.com/blog/predictive-alerts-that-prevent-catastrophic-hydraulic-failures,0,2,0%,39.5
https://www.wiziot.com/blog/preventing-sudden-capacity-loss-in-high-heat-ev-deployments,0,2,0%,39.5
https://www.wiziot.com/nairobi/blog/how-to-detect-gps-jammer-trucks-romania-hungary,0,2,0%,39.5
https://www.wiziot.com/blog/cross-border-document-and-location-data-synchronization-for-customs-clearance,0,2,0%,40
https://www.wiziot.com/blog/chassis-turnaround-time-analytics-across-malaysian-and-australian-terminals,0,2,0%,41
https://www.wiziot.com/hamburg,0,2,0%,41
https://www.wiziot.com/abu-dhabi/blog/seamless-chassis-visibility-from-port-gate-to-inland-depot-across-asean,0,2,0%,42
https://www.wiziot.com/blog/multi-sim-gps-tracker-truck-africa-europe-border,0,2,0%,45.5
https://www.wiziot.com/blog/vibration-resistant-sensors-designed-for-continuous-haul-road-impacts,0,2,0%,46
https://www.wiziot.com/warsaw/blog/singapore-malaysia-causeway-truck-telematics-cross-border,0,2,0%,47
https://www.wiziot.com/blog/off-road-telemetry-that-works-without-cellular-coverage-in-remote-pits,0,2,0%,48
https://www.wiziot.com/blog/predictive-thermal-runaway-models-tuned-for-gcc-desert-operating-conditions,0,2,0%,48
https://www.wiziot.com/hamburg/solutions/healthcare,0,2,0%,49
https://www.wiziot.com/blog/oil-company-audit-trails-generated-automatically-from-atex-certified-devices,0,2,0%,49.5
https://www.wiziot.com/blog/covert-trackers-that-remain-undetectable-during-physical-vehicle-searches,0,2,0%,56
https://www.wiziot.com/sao-paulo/blog/heavy-equipment-asset-tracking-construction-excavators-cranes,0,2,0%,60.5
https://www.wiziot.com/blog/detecting-partial-siphoning-events-before-they-accumulate-into-major-losses,0,2,0%,62
https://www.wiziot.com/blog/intermodal-container-chassis-ble-tracking-across-singapore-and-malaysian-ports,0,2,0%,62
https://www.wiziot.com/blog/ip69k-dump-truck-telemetry-integrated-with-chassis-tracking-for-mining-logistics,0,2,0%,63
https://www.wiziot.com/blog/real-time-driver-availability-forecasting-using-connected-tachograph-feeds,0,2,0%,65.5
https://www.wiziot.com/blog/intrinsically-safe-panic-buttons-and-emergency-alerts-for-tanker-drivers,0,2,0%,69.5
https://www.wiziot.com/blog/gps-signal-integrity-monitoring-on-high-risk-romanian-and-hungarian-corridors,0,2,0%,70.5
https://www.wiziot.com/blog/real-time-container-chassis-tracking-during-long-queues-at-asean-ports,0,2,0%,72
https://www.wiziot.com/blog/capacitance-data-that-supports-insurance-claims-for-stolen-diesel-in-africa,0,2,0%,77.5
https://www.wiziot.com/blog/fake-fuel-ticket-detection-using-timestamp-and-volume-cross-checks,0,2,0%,82.5
https://www.wiziot.com/blog/thermal-management-dashboards-that-keep-gcc-ev-trucks-roadworthy-year-round,0,2,0%,83.5
https://www.wiziot.com/blog/predictive-alerts-for-brake-and-drivetrain-wear-on-heavy-mining-dump-trucks,0,2,0%,85
https://www.wiziot.com/blog/how-indonesian-mine-managers-extended-equipment-life-with-continuous-telemetry,0,2,0%,86
https://www.wiziot.com/blog/detecting-temperature-compensated-fuel-theft-in-extreme-heat-on-south-african-ro,0,2,0%,89
https://www.wiziot.com/blog/battery-voltage-monitoring-fleet-alternator-failure,0,2,0%,91.5
https://www.wiziot.com/perth/blog/predictive-alerts-that-prevent-catastrophic-hydraulic-failures,0,2,0%,93
https://www.wiziot.com/blog/anti-jamming-hardware-tested-on-real-poland-to-spain-long-haul-movements,0,2,0%,93.5
https://www.wiziot.com/blog/detecting-fake-fuel-receipts-before-they-drain-your-latam-transport-budget,0,2,0%,94.5
https://www.wiziot.com/blog/real-time-dump-truck-cycle-time-monitoring-for-australian-mining-productivity,0,2,0%,95.5
https://www.wiziot.com/blog/how-saudi-fleet-directors-cut-unplanned-ev-downtime-with-predictive-bms-data,0,2,0%,97
https://www.wiziot.com/blog/end-to-end-causeway-visibility-that-supports-just-in-time-manufacturing-supply-c,0,2,0%,99
https://www.wiziot.com/blog/in-cabin-cameras-that-detect-yawning-and-eye-closure-in-real-time,0,2,0%,100.5
https://www.wiziot.com/blog/why-fleet-directors-in-brazil-are-switching-to-dual-tank-equalization-sensors,0,2,0%,103
https://www.wiziot.com/blog/ev-battery-thermal-mapping-across-dubai-to-abu-dhabi-high-temperature-corridors,0,2,0%,109.5
https://www.wiziot.com/blog/long-range-ble-performance-validated-in-dense-metal-container-environments,0,2,0%,111.5
https://www.wiziot.com/blog/intermodal-chassis-ble-tracking-that-scales-to-thousands-of-units-across-asean-p,0,2,0%,113
https://www.wiziot.com/blog/how-dual-sim-devices-maintain-signal-integrity-on-the-mexico-us-border-routes,0,2,0%,114.5
https://www.wiziot.com/blog/how-latam-and-african-fleet-directors-combined-fuel-probes-with-anti-hijacking-t,0,2,0%,115.5
https://www.wiziot.com/blog/soc-and-soh-optimization-strategies-for-saudi-electric-truck-fleets-in-desert-co,0,2,0%,116.5
https://www.wiziot.com/blog/how-nigerian-fleet-directors-cut-fuel-losses-34-using-dual-tank-probe-monitoring,0,2,0%,118
https://www.wiziot.com/blog/real-time-bms-health-monitoring-that-extends-battery-life-in-abu-dhabi-extreme-h,0,2,0%,120.5
https://www.wiziot.com/blog/in-cabin-ai-that-cuts-mobile-phone-distraction-incidents-in-polish-long-haul-fle,0,2,0%,121.5
https://www.wiziot.com/blog/jammer-detection-that-works-even-when-primary-gps-is-fully-blocked-in-brazil,0,2,0%,131
https://www.wiziot.com/blog/signal-attack-pattern-recognition-across-spanish-and-eastern-european-routes,0,2,0%,166.5
https://www.wiziot.com/blog/instant-location-updates-when-chassis-move-between-port-and-inland-depots,0,2,0%,168
https://www.wiziot.com/abu-dhabi/blog/ble-wireless-temperature-sensors-vs-wired-probes-reefer,0,1,0%,1
https://www.wiziot.com/abu-dhabi/blog/gps-tracker-stops-working-at-border-romania-ukraine,0,1,0%,1
https://www.wiziot.com/barcelona/blog/how-to-detect-gps-jammer-trucks-romania-hungary,0,1,0%,1
https://www.wiziot.com/blog/21-cfr-part-11-audit-trails-for-cold-chain-shipments-through-dubai-logistics-hub,0,1,0%,1
https://www.wiziot.com/blog/audit-proof-digital-records-ready-for-any-eu-member-state-inspection,0,1,0%,1
https://www.wiziot.com/blog/cold-chain-monitoring-reefer-trailer-nigeria-vaccines,0,1,0%,1
https://www.wiziot.com/blog/covert-secondary-gps-trackers-high-value-cargo-security,0,1,0%,1
https://www.wiziot.com/blog/ruggedized-can-bus-diagnostics-that-withstand-vibration-and-impact-in-open-pits,0,1,0%,1
https://www.wiziot.com/blog/singapore-malaysia-causeway-truck-telematics-cross-border,0,1,0%,1
https://www.wiziot.com/blog/stop-driver-diesel-siphoning-night-kenya-trucks,0,1,0%,1
https://www.wiziot.com/blog/volumetric-dual-tank-fuel-probe-calibration-guide,0,1,0%,1
https://www.wiziot.com/constanta/blog/reefer-maintenance-predictive-compressor-failure,0,1,0%,1
https://www.wiziot.com/jeddah/blog/bogota-mountain-highway-heavy-haulage-telematics,0,1,0%,1
https://www.wiziot.com/johor-bahru/blog/volumetric-dual-tank-fuel-probe-calibration-guide,0,1,0%,1
https://www.wiziot.com/krakow/blog/ip69k-rugged-telemetry-mining-dump-trucks-indonesia,0,1,0%,1
https://www.wiziot.com/krakow/blog/reefer-fuel-level-monitoring-generator-failure,0,1,0%,1
https://www.wiziot.com/krakow/blog/singapore-malaysia-causeway-truck-telematics-cross-border,0,1,0%,1
https://www.wiziot.com/kuala-lumpur/blog/remote-engine-kill-switch-truck-hijacking-south-africa,0,1,0%,1
https://www.wiziot.com/mexico-city/blog/brake-pad-wear-temperature-telematics-safety,0,1,0%,1
https://www.wiziot.com/perth/blog/prevent-diesel-theft-fuel-tankers-south-africa,0,1,0%,1
https://www.wiziot.com/rotterdam/blog/high-value-cargo-escort-telematics-monitoring,0,1,0%,1
https://www.wiziot.com/abu-dhabi/blog/atex-zone-0-petroleum-tanker-safety-systems-that-exceed-oil-company-standards,0,1,0%,2
https://www.wiziot.com/abu-dhabi/blog/capacitive-fuel-probe-calibration-guide-heavy-trucks,0,1,0%,2
https://www.wiziot.com/abu-dhabi/blog/fuel-theft-reduction-roi-calculator-commercial-fleets,0,1,0%,2
https://www.wiziot.com/blog/anti-hijack-telematics-mexico-city-truck-highway,0,1,0%,2
https://www.wiziot.com/blog/cargo-theft-gps-jammer-how-to-protect-fleet-europe,0,1,0%,2
https://www.wiziot.com/blog/how-polish-fleet-managers-automated-monthly-compliance-reporting,0,1,0%,2
https://www.wiziot.com/casablanca/blog/mining-dump-truck-telematics-payload-tire-pressure-monitoring,0,1,0%,2
https://www.wiziot.com/casablanca/blog/multi-country-roaming-sim-cost-optimization-logistics,0,1,0%,2
https://www.wiziot.com/casablanca/blog/safe-remote-engine-cut-off-protocols-commercial-trucks,0,1,0%,2
https://www.wiziot.com/casablanca/blog/vibration-and-shock-logging-that-supports-warranty-and-maintenance-claims,0,1,0%,2
https://www.wiziot.com/krakow/blog/iso-26262-remote-engine-immobilizer-safety,0,1,0%,2
https://www.wiziot.com/krakow/blog/reefer-alarm-not-working-food-spoiled-south-africa,0,1,0%,2
https://www.wiziot.com/kuala-lumpur/blog/stop-driver-diesel-siphoning-night-kenya-trucks,0,1,0%,2
https://www.wiziot.com/rotterdam/blog/mining-dump-truck-telematics-payload-tire-pressure-monitoring,0,1,0%,2
https://www.wiziot.com/abu-dhabi/blog/ev-battery-thermal-runaway-prevention-dubai-summer-heat,0,1,0%,3
https://www.wiziot.com/bogota/blog/cross-border-document-and-location-data-synchronization-for-customs-clearance,0,1,0%,3
https://www.wiziot.com/durban/blog/gps-signal-lost-suddenly-trucks-poland-cargo-theft,0,1,0%,3
https://www.wiziot.com/lagos/blog/prevent-diesel-theft-fuel-tankers-south-africa,0,1,0%,3
https://www.wiziot.com/barcelona/blog/rf-interference-detection-cellular-fallback-telematics,0,1,0%,4
https://www.wiziot.com/blog/continuous-location-continuity-across-multi-country-ten-t-segments-despite-signa,0,1,0%,4
https://www.wiziot.com/blog/instant-geofence-alerts-at-singapore-immigration-and-customs-checkpoints,0,1,0%,4
https://www.wiziot.com/casablanca/blog/iso-26262-remote-engine-immobilizer-safety,0,1,0%,4
https://www.wiziot.com/abu-dhabi/blog/extreme-heat-battery-degradation-patterns-observed-across-dubai-ev-fleets,0,1,0%,5
https://www.wiziot.com/abu-dhabi/blog/oil-company-compliance-reporting-ready-for-adnoc-and-saudi-regulatory-audits,0,1,0%,5
https://www.wiziot.com/blog/ble-wireless-temperature-sensors-vs-wired-probes-reefer,0,1,0%,5
https://www.wiziot.com/blog/can-bus-j1939-diagnostics-for-off-road-fleet-reliability-in-colombia,0,1,0%,5
https://www.wiziot.com/blog/cold-chain-insurance-claim-telematics-data-evidence,0,1,0%,5
https://www.wiziot.com/blog/door-open-sensor-cold-chain-leak-prevention,0,1,0%,5
https://www.wiziot.com/blog/gps-jammer-detection-mexican-highways-cargo-theft,0,1,0%,5
https://www.wiziot.com/casablanca/blog/how-to-detect-gps-jammer-trucks-romania-hungary,0,1,0%,5
https://www.wiziot.com/hamburg/blog/gps-signal-lost-suddenly-trucks-poland-cargo-theft,0,1,0%,5
https://www.wiziot.com/lagos,0,1,0%,5
https://www.wiziot.com/mexico-city/blog/how-romanian-security-heads-reduced-highway-theft-incidents-with-layered-detecti,0,1,0%,5
https://www.wiziot.com/perth/blog/safe-remote-engine-cut-off-protocols-commercial-trucks,0,1,0%,5
https://www.wiziot.com/perth/contact,0,1,0%,5
https://www.wiziot.com/rotterdam/blog/oil-company-audit-trails-generated-automatically-from-atex-certified-devices,0,1,0%,5
https://www.wiziot.com/blog/best-telematics-for-rough-roads-africa-trucks,0,1,0%,6
https://www.wiziot.com/blog/collision-warning-systems-that-meet-eu-gsr-technical-standards,0,1,0%,6
https://www.wiziot.com/blog/cross-border-tanger-med-ferry-telematics-morocco-spain,0,1,0%,6
https://www.wiziot.com/blog/eu-digital-tachograph-remote-download-telematics-poland-romania,0,1,0%,6
https://www.wiziot.com/blog/ip69k-rugged-telemetry-mining-dump-trucks-indonesia,0,1,0%,6
https://www.wiziot.com/blog/night-curfew-geofencing-stolen-vehicle-prevention,0,1,0%,6
https://www.wiziot.com/casablanca,0,1,0%,6
https://www.wiziot.com/mexico-city/blog/agricultural-tractor-combine-harvester-telematics-tracking,0,1,0%,6
https://www.wiziot.com/mexico-city/blog/door-open-sensor-cold-chain-leak-prevention,0,1,0%,6
https://www.wiziot.com/nairobi/blog/how-oil-company-fleet-managers-meet-strict-saudi-aramco-safety-requirements,0,1,0%,6
https://www.wiziot.com/abu-dhabi/blog/cold-chain-insurance-claim-telematics-data-evidence,0,1,0%,7
https://www.wiziot.com/barcelona/blog/reefer-maintenance-predictive-compressor-failure,0,1,0%,7
https://www.wiziot.com/blog/brake-pad-wear-temperature-telematics-safety,0,1,0%,7
https://www.wiziot.com/blog/offline-flash-memory-buffering-telematics-dead-zones,0,1,0%,7
https://www.wiziot.com/cairo/blog/fish-seafood-transport-temperature-telematics,0,1,0%,7
https://www.wiziot.com/casablanca/blog/rf-interference-detection-cellular-fallback-telematics,0,1,0%,7
https://www.wiziot.com/constanta/blog/singapore-malaysia-causeway-truck-telematics-cross-border,0,1,0%,7
https://www.wiziot.com/durban/blog/battery-cooling-system-performance-alerts-for-saudi-long-haul-ev-routes,0,1,0%,7
https://www.wiziot.com/mombasa/blog/ev-fleet-battery-management-system-bms-uae-gcc,0,1,0%,7
https://www.wiziot.com/nairobi/blog/volumetric-dual-tank-fuel-probe-calibration-guide,0,1,0%,7
https://www.wiziot.com/sao-paulo/blog/stop-fuel-theft-mining-fleets-ghana-west-africa,0,1,0%,7
https://www.wiziot.com/warsaw/blog/door-open-sensor-cold-chain-leak-prevention,0,1,0%,7
https://www.wiziot.com/abu-dhabi/blog/reefer-maintenance-predictive-compressor-failure,0,1,0%,8
https://www.wiziot.com/barcelona,0,1,0%,8
https://www.wiziot.com/blog/bms-health-dashboards-customized-for-gcc-fleet-operations-managers,0,1,0%,8
https://www.wiziot.com/blog/soh-trend-analysis-that-supports-long-term-asset-planning-in-abu-dhabi,0,1,0%,8
https://www.wiziot.com/casablanca/blog/fuel-siphoning-detection-tanzania-uganda-transit,0,1,0%,8
https://www.wiziot.com/kuala-lumpur/blog/dual-tank-equalization-fraud-detection-for-colombian-cross-border-fleets,0,1,0%,8
https://www.wiziot.com/kuala-lumpur/blog/preventing-static-discharge-risks-during-loading-at-abu-dhabi-fuel-depots,0,1,0%,8
https://www.wiziot.com/perth/blog/how-adnoc-aligned-fleets-achieved-zero-ignition-incidents-with-certified-systems,0,1,0%,8
https://www.wiziot.com/rotterdam/blog/cross-border-beitbridge-namanga-telematics-tracking-guide,0,1,0%,8
https://www.wiziot.com/abu-dhabi/blog/capacitance-drift-compensation-for-accurate-readings-in-extreme-african-heat,0,1,0%,9
https://www.wiziot.com/blog/capacitive-sensors-that-ignore-temperature-drift-in-extreme-heat,0,1,0%,9
https://www.wiziot.com/blog/continuous-location-integrity-across-poland-romania-hungary-transit-lanes,0,1,0%,9
https://www.wiziot.com/blog/continuous-tracking-reliability-tested-on-high-frequency-causeway-shuttle-runs,0,1,0%,9
https://www.wiziot.com/blog/covert-trackers-that-survive-signal-blocking-on-brazilian-br-116-and-br-101,0,1,0%,9
https://www.wiziot.com/blog/optimizing-soc-and-soh-for-electric-fleets-operating-in-australian-mining-region,0,1,0%,9
https://www.wiziot.com/hamburg/blog/gps-spoofing-protection-commercial-haulage-fleets,0,1,0%,9
https://www.wiziot.com/hamburg/blog/how-nigerian-logistics-heads-stopped-highway-bandit-attacks-with-layered-trackin,0,1,0%,9
https://www.wiziot.com/krakow/blog/reefer-solar-powered-telematics-unpowered-trailers,0,1,0%,9
https://www.wiziot.com/perth/blog/instant-geofence-alerts-at-singapore-immigration-and-customs-checkpoints,0,1,0%,9
https://www.wiziot.com/warsaw/blog/fish-seafood-transport-temperature-telematics,0,1,0%,9
https://www.wiziot.com/abu-dhabi,0,1,0%,10
https://www.wiziot.com/blog/how-german-carriers-demonstrated-gsr-2024-readiness-during-authority-inspections,0,1,0%,10
https://www.wiziot.com/blog/integrated-thermal-and-location-data-for-comprehensive-ev-risk-management,0,1,0%,10
https://www.wiziot.com/blog/real-time-overfill-protection-that-integrates-with-terminal-loading-systems,0,1,0%,10
https://www.wiziot.com/dubai/blog/insurance-premium-reduction-case-studies-from-video-telematics-adoption,0,1,0%,10
https://www.wiziot.com/hamburg/blog/thermal-runaway-prevention-through-multi-layer-cell-temperature-monitoring,0,1,0%,10
https://www.wiziot.com/kano/blog/offline-flash-memory-buffering-telematics-dead-zones,0,1,0%,10
https://www.wiziot.com/lagos/blog/cargo-hijacking-incident-reduction-case-studies-from-mexican-fleets,0,1,0%,10
https://www.wiziot.com/lagos/blog/spill-and-overfill-prevention-systems-that-meet-adnoc-safety-standards,0,1,0%,10
https://www.wiziot.com/perth/blog/rough-road-damage-truck-suspension-monitoring-africa,0,1,0%,10
https://www.wiziot.com/blog/digital-tachograph-integration-with-live-isa-data-for-spanish-transport-operator,0,1,0%,11
https://www.wiziot.com/blog/real-time-location-of-every-chassis-inside-port-of-tanjung-priok-and-surrounding,0,1,0%,11
https://www.wiziot.com/blog/reducing-lost-chassis-incidents-across-singapore-malaysia-indonesia-corridors,0,1,0%,11
https://www.wiziot.com/casablanca/blog/gps-spoofing-protection-commercial-haulage-fleets,0,1,0%,11
https://www.wiziot.com/krakow/blog/multi-sim-roaming-cost-control-strategies-for-high-frequency-causeway-operators,0,1,0%,11
https://www.wiziot.com/nairobi/blog/singapore-malaysia-causeway-truck-telematics-cross-border,0,1,0%,11
https://www.wiziot.com/perth/blog/jammer-detection-that-differentiates-between-temporary-and-sustained-blocking,0,1,0%,11
https://www.wiziot.com/blog/dms-in-cabin-fatigue-scorecard-fleet-safety,0,1,0%,12
https://www.wiziot.com/blog/ultra-low-temp-dry-ice-pharma-telematics-80c,0,1,0%,12
https://www.wiziot.com/budapest/blog/agricultural-tractor-combine-harvester-telematics-tracking,0,1,0%,13
https://www.wiziot.com/perth/blog/ev-battery-thermal-runaway-case-studies-from-extreme-gcc-summer-operations,0,1,0%,16
https://www.wiziot.com/barcelona/blog/instant-alerts-for-unauthorized-chassis-movement-at-australian-intermodal-termin,0,1,0%,18
https://www.wiziot.com/blog/continuous-telemetry-through-areas-with-zero-cellular-coverage-in-remote-pits,0,1,0%,19
https://www.wiziot.com/perth/blog/real-time-engine-hours-and-payload-monitoring-on-ip69k-certified-dump-trucks,0,1,0%,19
https://www.wiziot.com/blog/multi-sim-failover-for-continuous-visibility-across-east-african-corridors,0,1,0%,20
https://www.wiziot.com/blog/real-time-jammer-alerts-that-reduced-hijackings-52-for-south-african-operators,0,1,0%,20
https://www.wiziot.com/blog/how-brazilian-fleets-used-probe-data-to-recover-stolen-fuel-value,0,1,0%,29
https://www.wiziot.com/blog/speed-limiting-that-restricts-vehicle-movement-only-during-confirmed-signal-loss,0,1,0%,31
https://www.wiziot.com/warsaw/blog/fuel-theft-reduction-roi-calculator-commercial-fleets,0,1,0%,31
https://www.wiziot.com/blog/real-time-engine-hours-and-payload-monitoring-on-ip69k-certified-dump-trucks,0,1,0%,38
https://www.wiziot.com/bogota/blog/real-time-container-chassis-tracking-during-long-queues-at-asean-ports,0,1,0%,43
https://www.wiziot.com/krakow/blog/heavy-equipment-asset-tracking-construction-excavators-cranes,0,1,0%,46
https://www.wiziot.com/sao-paulo/solutions/telematics,0,1,0%,46
https://www.wiziot.com/perth/blog/predictive-maintenance-schedules-driven-by-real-equipment-telemetry,0,1,0%,48
https://www.wiziot.com/perth/blog/how-indonesian-mine-managers-extended-equipment-life-with-continuous-telemetry,0,1,0%,50
https://www.wiziot.com/blog/temperature-compensated-charging-protocols-that-protect-battery-chemistry,0,1,0%,51
https://www.wiziot.com/blog/soh-degradation-tracking-across-extreme-ambient-temperature-cycles,0,1,0%,52
https://www.wiziot.com/perth/blog/singapore-malaysia-causeway-truck-telematics-cross-border,0,1,0%,52
https://www.wiziot.com/blog/cargo-hijacking-incident-reduction-case-studies-from-mexican-fleets,0,1,0%,53
https://www.wiziot.com/warsaw/blog/cross-border-beitbridge-namanga-telematics-tracking-guide,0,1,0%,53
https://www.wiziot.com/lagos/blog/how-drivers-try-to-bypass-fuel-sensors-and-how-to-stop-them,0,1,0%,54
https://www.wiziot.com/blog/driver-fuel-theft-monitoring-system-south-africa-fleet,0,1,0%,56
https://www.wiziot.com/blog/speed-assistance-accuracy-in-complex-road-environments-across-romania,0,1,0%,58
https://www.wiziot.com/blog/turbocharger-boost-pressure-telemetry-diagnostics,0,1,0%,58
https://www.wiziot.com/hamburg/blog/covert-trackers-that-remain-undetectable-during-physical-vehicle-searches,0,1,0%,58
https://www.wiziot.com/blog/optimized-device-configurations-for-mixed-singapore-malaysia-daily-operations,0,1,0%,60
https://www.wiziot.com/mexico-city/blog/real-time-border-crossing-duration-tracking-for-service-level-agreement-manageme,0,1,0%,60
https://www.wiziot.com/perth/blog/covert-trackers-that-remain-undetectable-during-physical-vehicle-searches,0,1,0%,60
https://www.wiziot.com/perth/blog/fda-21-cfr-part-11-compliant-cold-chain-logging-that-survives-port-delays-in-san,0,1,0%,60
https://www.wiziot.com/barcelona/blog/preventing-container-tampering-during-port-dwell-times-in-malaysia,0,1,0%,61
https://www.wiziot.com/blog/thermal-management-roi-calculations-for-gcc-electric-fleet-conversions,0,1,0%,61
https://www.wiziot.com/blog/container-location-accuracy-during-long-dwell-at-indonesian-ports,0,1,0%,62
https://www.wiziot.com/blog/covert-secondary-trackers-that-activate-automatically-during-signal-loss,0,1,0%,62
https://www.wiziot.com/blog/engine-idle-reduction-telematics-fuel-saving-calculator,0,1,0%,62
https://www.wiziot.com/warsaw/blog/achieving-eu-gsr-2024-compliance-with-integrated-adas-collision-warnings,0,1,0%,62
https://www.wiziot.com/abu-dhabi/blog/detecting-fuel-card-fraud-before-it-hits-your-monthly-pl,0,1,0%,63
https://www.wiziot.com/blog/how-gps-jammer-detection-prevents-cargo-hijacking-on-mexican-highways,0,1,0%,63
https://www.wiziot.com/blog/preventing-container-tampering-during-port-dwell-times-in-malaysia,0,1,0%,64
https://www.wiziot.com/krakow/blog/dual-tank-monitoring-that-exposed-equalization-scams-in-lagos-depots,0,1,0%,64
https://www.wiziot.com/mombasa/blog/ultra-low-temp-dry-ice-pharma-telematics-80c,0,1,0%,64
https://www.wiziot.com/blog/emergency-response-automation-triggered-by-atex-certified-telematics-events,0,1,0%,65
https://www.wiziot.com/casablanca/solutions/ev-fleets,0,1,0%,65
https://www.wiziot.com/lagos/blog/anti-jamming-hardware-ruggedized-for-african-unpaved-high-risk-roads,0,1,0%,65
https://www.wiziot.com/mexico-city/blog/real-time-alerts-that-address-speed-hours-and-signal-integrity-simultaneously,0,1,0%,66
https://www.wiziot.com/blog/continuous-visibility-even-during-network-handover-between-national-operators,0,1,0%,67
https://www.wiziot.com/blog/port-queue-thermal-data-that-supports-claims-against-carriers,0,1,0%,68
https://www.wiziot.com/blog/detecting-after-hours-unauthorized-fueling-events-at-kenyan-depots,0,1,0%,69
https://www.wiziot.com/blog/multi-device-redundancy-that-keeps-location-alive-during-sustained-jamming,0,1,0%,69
https://www.wiziot.com/blog/gps-jamming-response-protocols-for-high-risk-latam-highways,0,1,0%,70
https://www.wiziot.com/blog/cross-border-tachograph-data-harmonization-for-germany-poland-operations,0,1,0%,71
https://www.wiziot.com/rotterdam/partners,0,1,0%,71
https://www.wiziot.com/blog/speed-limiting-that-activates-only-after-confirmed-signal-loss,0,1,0%,72
https://www.wiziot.com/blog/cross-border-roaming-that-maintains-signal-from-poland-to-germany,0,1,0%,73
https://www.wiziot.com/constanta/blog/instant-alerts-for-unauthorized-chassis-movement-at-australian-intermodal-termin,0,1,0%,73
https://www.wiziot.com/blog/continuous-visibility-across-the-mombasa-corridor-despite-frequent-jamming-attem,0,1,0%,74
https://www.wiziot.com/blog/dual-tank-equalization-fraud-detection-for-colombian-cross-border-fleets,0,1,0%,75
https://www.wiziot.com/blog/speed-restriction-that-activates-progressively-to-avoid-driver-panic,0,1,0%,76
https://www.wiziot.com/johannesburg/blog/vibration-resistant-sensors-designed-for-continuous-haul-road-impacts,0,1,0%,76
https://www.wiziot.com/mexico-city/blog/preventing-container-tampering-during-port-dwell-times-in-malaysia,0,1,0%,77
https://www.wiziot.com/blog/tipper-truck-hydraulic-lift-monitoring-unauthorized-dumping,0,1,0%,79
https://www.wiziot.com/blog/preventing-capacity-fade-in-high-ambient-temperature-ev-truck-operations,0,1,0%,80
https://www.wiziot.com/barcelona/blog/multi-carrier-esim-vs-nano-sim-commercial-fleets,0,1,0%,83
https://www.wiziot.com/blog/how-spanish-operators-integrated-isa-with-existing-fleet-management-platforms,0,1,0%,83
https://www.wiziot.com/bogota/blog/agricultural-tractor-combine-harvester-telematics-tracking,0,1,0%,83
https://www.wiziot.com/blog/reducing-manual-chassis-checks-and-yard-search-time-dramatically,0,1,0%,84
https://www.wiziot.com/casablanca/blog/fleet-maintenance-software-api-integration-work-orders,0,1,0%,84
https://www.wiziot.com/blog/satellite-cellular-hybrid-fleet-tracking-remote-areas,0,1,0%,86
https://www.wiziot.com/durban/blog/multi-sim-gps-tracker-truck-africa-europe-border,0,1,0%,86
https://www.wiziot.com/blog/explosion-proof-telematics-that-maintain-signal-integrity-in-hazardous-zones,0,1,0%,91
https://www.wiziot.com/blog/continuous-tracking-across-ten-t-corridors-without-single-sim-dropouts,0,1,0%,92
https://www.wiziot.com/blog/how-south-african-directors-quantified-exact-liters-stolen-per-incident,0,1,0%,93
https://www.wiziot.com/perth/blog/extreme-dust-and-high-pressure-washdown-protection-for-australian-mining-fleets,0,1,0%,93
https://www.wiziot.com/blog/multi-sim-roaming-solutions-optimized-for-asean-cross-border-hauls,0,1,0%,94
https://www.wiziot.com/blog/real-time-payload-and-cycle-efficiency-metrics-for-australian-open-pit-operation,0,1,0%,94
https://www.wiziot.com/nairobi/blog/bms-telemetry-that-supports-residual-value-protection,0,1,0%,94
https://www.wiziot.com/blog/predictive-maintenance-scheduling-based-on-real-time-bms-stress-metrics,0,1,0%,95
https://www.wiziot.com/blog/night-siphoning-prevention-on-south-african-n1-and-n3-highways,0,1,0%,96
https://www.wiziot.com/blog/immobilizer-logic-that-activates-only-after-confirmed-jamming-in-colombia,0,1,0%,97
https://www.wiziot.com/sao-paulo/blog/chassis-utilization-analytics-that-improve-asset-turnover-across-australia,0,1,0%,97
https://www.wiziot.com/blog/preventing-thermal-events-during-peak-afternoon-charging-in-the-uae,0,1,0%,98
https://www.wiziot.com/blog/highway-bandit-early-warning-systems-for-kenyan-long-haul-operators,0,1,0%,99
https://www.wiziot.com/blog/how-mexican-operators-closed-the-gap-between-dispensed-and-actual-fuel,0,1,0%,100
https://www.wiziot.com/blog/predictive-alerts-that-address-causeway-delays-chassis-misplacement-and-equipmen,0,1,0%,101
https://www.wiziot.com/blog/intelligent-speed-assistance-calibration-for-variable-speed-zones-in-hungary,0,1,0%,102
https://www.wiziot.com/blog/end-to-end-resilience-combining-causeway-roaming-ip69k-mining-telemetry-and-ble-,0,1,0%,104
https://www.wiziot.com/blog/night-siphoning-detection-patterns-on-the-abidjan-lagos-coastal-route,0,1,0%,105
https://www.wiziot.com/blog/how-nigerian-security-heads-coordinated-rapid-response-with-live-telematics,0,1,0%,106
https://www.wiziot.com/blog/preventing-perishable-spoilage-with-instant-reefer-door-and-compressor-alarms,0,1,0%,107
https://www.wiziot.com/blog/preventing-unauthorized-access-and-tampering-on-high-value-petroleum-loads,0,1,0%,109
https://www.wiziot.com/blog/dust-proof-and-waterproof-telemetry-for-high-pressure-washdown-cycles,0,1,0%,110
https://www.wiziot.com/blog/preventing-ignition-risks-during-night-loading-operations-in-abu-dhabi,0,1,0%,111
https://www.wiziot.com/blog/preventing-delays-from-incomplete-location-data-during-peak-causeway-hours,0,1,0%,113
https://www.wiziot.com/blog/covert-tracker-battery-life-that-lasts-through-extended-hijack-attempts,0,1,0%,114
https://www.wiziot.com/blog/speed-limit-database-updates-that-keep-hungarian-fleets-fully-compliant,0,1,0%,115
https://www.wiziot.com/blog/end-to-end-intermodal-visibility-from-vessel-discharge-to-final-delivery,0,1,0%,118
https://www.wiziot.com/blog/how-romanian-security-heads-reduced-highway-theft-incidents-with-layered-detecti,0,1,0%,119
https://www.wiziot.com/blog/real-time-compliance-dashboards-for-adnoc-aramco-and-uae-regulatory-teams,0,1,0%,122
https://www.wiziot.com/blog/extreme-heat-ev-battery-performance-benchmarks-from-real-dubai-fleet-data,0,1,0%,123
https://www.wiziot.com/blog/preventing-sudden-power-loss-in-electric-fleets-crossing-the-empty-quarter,0,1,0%,124
https://www.wiziot.com/blog/combining-ble-and-gps-for-accurate-last-mile-chassis-delivery-visibility,0,1,0%,126
https://www.wiziot.com/blog/ble-chassis-tracking-density-that-scales-across-large-indonesian-port-yards,0,1,0%,128
https://www.wiziot.com/blog/ip67-sealed-units-that-survive-high-pressure-washdowns-on-mining-sites,0,1,0%,130
https://www.wiziot.com/blog/preventing-over-speed-fines-through-predictive-isa-alerts-on-polish-highways,0,1,0%,131
https://www.wiziot.com/blog/how-south-african-security-heads-reduced-armed-hijackings-with-instant-alerts,0,1,0%,132
https://www.wiziot.com/blog/how-indonesian-logistics-heads-reduced-container-dwell-time-with-ble-tracking,0,1,0%,133
https://www.wiziot.com/blog/maintaining-full-telemetry-continuity-during-long-queues-at-woodlands-and-tuas,0,1,0%,134
https://www.wiziot.com/blog/how-singapore-malaysia-operators-unified-cross-border-and-intermodal-data-stream,0,1,0%,136
https://www.wiziot.com/blog/digital-tachograph-remote-interrogation-solutions-for-cross-border-ten-t-fleets,0,1,0%,137
https://www.wiziot.com/blog/how-mexican-fleet-operators-recovered-stolen-fuel-with-02-accuracy-probes,0,1,0%,138
https://www.wiziot.com/blog/how-adnoc-aligned-fleets-achieved-zero-ignition-incidents-with-certified-systems,0,1,0%,139
https://www.wiziot.com/blog/cross-border-compliance-data-packages-ready-for-singapore-and-malaysian-authorit,0,1,0%,151
https://www.wiziot.com/blog/multi-layer-tracking-redundancy-that-survives-sustained-signal-blocking-in-hunga,0,1,0%,152
https://www.wiziot.com/blog/uninterrupted-tracking-for-time-sensitive-cargo-moving-across-the-causeway-daily,0,1,0%,153
https://www.wiziot.com/blog/how-german-logistics-heads-stopped-cargo-disruptions-with-instant-jammer-alerts,0,1,0%,155
https://www.wiziot.com/blog/preventing-static-discharge-risks-during-loading-at-abu-dhabi-fuel-depots,0,1,0%,156
https://www.wiziot.com/blog/real-time-cell-imbalance-detection-in-high-ambient-electric-truck-operations,0,1,0%,159
https://www.wiziot.com/blog/continuous-ten-t-anti-jamming-protection-for-german-long-distance-haulers,0,1,0%,161
https://www.wiziot.com/blog/battery-health-kpis-that-matter-most-to-gcc-fleet-directors-and-cfos,0,1,0%,162
https://www.wiziot.com/blog/ten-t-anti-jamming-strategies-proven-on-poland-germany-spain-transit-routes,0,1,0%,163
https://www.wiziot.com/blog/how-colombian-operators-cut-monthly-fuel-shrinkage-by-28-with-probe-integration,0,1,0%,164
https://www.wiziot.com/blog/full-safety-and-compliance-visibility-across-dubai-abu-dhabi-and-saudi-routes,0,1,0%,165
https://www.wiziot.com/blog/isa-system-accuracy-validation-on-complex-urban-and-highway-mixes-in-poland,0,1,0%,166
https://www.wiziot.com/blog/who-gdp-compliant-monitoring-for-temperature-sensitive-cargo-on-ten-t-routes,0,1,0%,167
https://www.wiziot.com/johor-bahru/blog/preventing-driver-hours-violations-with-real-time-digital-tachograph-alerts,0,1,0%,169
https://www.wiziot.com/lagos/blog/automated-working-time-violation-alerts-before-they-trigger-fines-in-hungary,0,1,0%,170
https://www.wiziot.com/blog/preventing-cargo-delays-caused-by-temporary-signal-loss-on-the-second-link,0,1,0%,172
https://www.wiziot.com/blog/real-time-chassis-location-accuracy-inside-tanjung-pelepas-and-port-of-singapore,0,1,0%,174
https://www.wiziot.com/blog/seamless-multi-sim-roaming-for-cross-border-trips-through-mombasa-and-nairobi,0,1,0%,175
https://www.wiziot.com/blog/achieving-full-eu-gsr-2024-intelligent-speed-assistance-compliance-for-polish-fl,0,1,0%,177
https://www.wiziot.com/blog/real-time-fuel-level-drop-alerts-for-mexican-cross-border-fleet-operations,0,1,0%,178
https://www.wiziot.com/blog/early-detection-of-cell-swelling-and-pressure-build-up-in-desert-heat,0,1,0%,179
https://www.wiziot.com/blog/real-time-speed-limit-recognition-accuracy-tested-on-spanish-ten-t-corridors,0,1,0%,181
https://www.wiziot.com/blog/covert-gps-units-with-extended-battery-life-for-mexican-high-value-loads,0,1,0%,182
https://www.wiziot.com/blog/seamless-data-continuity-across-german-and-polish-border-inspection-points,0,1,0%,182
https://www.wiziot.com/johannesburg/blog/reducing-average-fleet-speed-variance-through-documented-isa-interventions,0,1,0%,183
https://www.wiziot.com/blog/panic-button-integration-that-coordinates-rapid-response-on-colombian-routes,0,1,0%,184
https://www.wiziot.com/blog/real-time-thermal-runaway-risk-scoring-for-high-utilization-uae-electric-trucks,0,1,0%,185
https://www.wiziot.com/blog/highway-hijacking-prevention-through-multi-layer-jammer-detection-in-mexico,0,1,0%,186
https://www.wiziot.com/blog/how-apac-fleet-and-mine-directors-achieved-single-pane-control-across-diverse-en,0,1,0%,186
https://www.wiziot.com/blog/anti-jamming-systems-ruggedized-for-eastern-european-winter-operating-conditions,0,1,0%,187
https://www.wiziot.com/blog/real-time-visibility-for-high-volume-container-moves-on-the-second-link-causeway,0,1,0%,187
https://www.wiziot.com/blog/real-time-bms-health-alerts-that-extend-battery-life-in-saudi-desert-conditions,0,1,0%,188
https://www.wiziot.com/johor-bahru/blog/how-german-logistics-heads-stopped-cargo-disruptions-with-instant-jammer-alerts,0,1,0%,190
https://www.wiziot.com/blog/dual-tank-monitoring-that-exposed-equalization-scams-in-lagos-depots,0,1,0%,191
https://www.wiziot.com/blog/ip69k-rugged-telemetry-for-open-pit-mining-dump-trucks-in-indonesia,0,1,0%,192
https://www.wiziot.com/singapore/blog/capacity-retention-strategies-for-electric-fleets-crossing-saudi-deserts,0,1,0%,193
https://www.wiziot.com/blog/detecting-fuel-card-fraud-before-it-hits-your-monthly-pl,0,1,0%,194
https://www.wiziot.com/blog/covert-trackers-with-extended-autonomy-for-prolonged-signal-loss-scenarios,0,1,0%,195
https://www.wiziot.com/blog/continuous-speed-compliance-monitoring-across-multi-country-ten-t-routes,0,1,0%,197
https://www.wiziot.com/mexico-city/blog/oil-company-audit-ready-data-packages-generated-automatically-from-the-field,0,1,0%,197
https://www.wiziot.com/blog/preventing-container-hijacking-during-night-moves-out-of-santos-port,0,1,0%,198
https://www.wiziot.com/blog/stopping-night-diesel-siphoning-on-the-lagos-ibadan-expressway-with-real-time-ca,0,1,0%,198
https://www.wiziot.com/blog/oil-company-compliance-reporting-ready-for-adnoc-and-saudi-regulatory-audits,0,1,0%,199
https://www.wiziot.com/blog/how-indonesian-operators-achieved-near-zero-chassis-loss-rates-with-ble,0,1,0%,200
https://www.wiziot.com/warsaw/blog/anti-jamming-systems-designed-for-nigerian-highway-bandit-hotspots,0,1,0%,226
https://www.wiziot.com/blog/how-kenyan-transport-managers-use-capacitance-data-to-prosecute-siphoning-driver,0,1,0%,231
https://www.wiziot.com/blog/real-time-alerts-for-cooling-system-failures-in-extreme-ambient-conditions,0,1,0%,234
https://www.wiziot.com/blog/preventing-manipulation-of-tachograph-data-on-long-poland-to-spain-hauls,0,1,0%,235
https://www.wiziot.com/blog/full-operational-dashboards-covering-cross-border-transit-mining-and-intermodal-,0,1,0%,236
https://www.wiziot.com/blog/atex-zone-0-sensor-accuracy-that-survives-continuous-hydrocarbon-vapor-exposure,0,1,0%,237
https://www.wiziot.com/perth/blog/how-hungarian-carriers-achieved-seamless-gsr-2024-readiness-before-deadline,0,1,0%,239
https://www.wiziot.com/blog/oil-company-audit-ready-data-packages-generated-automatically-from-the-field,0,1,0%,240
https://www.wiziot.com/blog/gps-jammer-detection-latency-under-8-seconds-for-critical-cargo-protection,0,1,0%,241
https://www.wiziot.com/blog/battery-cooling-system-performance-alerts-for-saudi-long-haul-ev-routes,0,1,0%,242
https://www.wiziot.com/warsaw/blog/predictive-thermal-runaway-models-tuned-for-gcc-desert-operating-conditions,0,1,0%,243
https://www.wiziot.com/blog/how-malaysian-fleet-directors-eliminated-blind-spots-on-causeway-transit-routes,0,1,0%,244
https://www.wiziot.com/blog/instant-security-escalation-protocols-triggered-by-confirmed-ten-t-jamming-event,0,1,0%,245
https://www.wiziot.com/blog/how-dubai-fleet-managers-reduced-battery-replacement-costs-with-predictive-data,0,1,0%,246
https://www.wiziot.com/blog/preventing-diesel-losses-on-long-night-hauls-between-bogot-and-medelln,0,1,0%,249
https://www.wiziot.com/blog/preventing-thermal-events-during-fast-charging-in-extreme-uae-summer-heat,0,1,0%,250
https://www.wiziot.com/blog/battery-thermal-runaway-early-warning-for-ev-fleets-in-qatar-summer-peaks,0,1,0%,281
https://www.wiziot.com/blog/capacitive-fuel-sensors-that-expose-driver-siphoning-schemes-in-south-african-fl,0,1,0%,281
https://www.wiziot.com/blog/how-dual-ai-systems-reduced-rear-end-collisions-for-spanish-logistics-fleets,0,1,0%,282
https://www.wiziot.com/blog/full-audit-trail-generation-for-saudi-and-uae-oil-company-compliance-teams,0,1,0%,283
https://www.wiziot.com/blog/how-polish-operators-reduced-working-time-infringements-by-39-with-live-data,0,1,0%,283
https://www.wiziot.com/blog/how-abu-dhabi-logistics-heads-extended-ev-battery-warranty-coverage-with-data,0,1,0%,285
https://www.wiziot.com/blog/ip69k-sealed-units-that-survive-monsoon-conditions-in-indonesian-open-pit-mines,0,1,0%,286
https://www.wiziot.com/blog/monitoring-gear-hours-and-fuel-burn-on-excavators-in-extreme-dust-environments,0,1,0%,287
https://www.wiziot.com/blog/real-time-jammer-alerts-that-reduced-cargo-losses-67-for-south-african-fleets,0,1,0%,288
https://www.wiziot.com/blog/tracking-engine-hours-and-hydraulic-pressure-on-heavy-equipment-across-african-m,0,1,0%,291
https://www.wiziot.com/blog/how-pharma-fleets-in-saudi-arabia-avoid-temperature-excursions-in-extreme-heat,0,1,0%,292
https://www.wiziot.com/mexico-city/blog/how-nigerian-logistics-heads-stopped-highway-bandit-attacks-with-layered-trackin,0,1,0%,293
https://www.wiziot.com/johor-bahru/blog/multi-driver-tachograph-management-for-complex-ten-t-cross-border-operations,0,1,0%,294
https://www.wiziot.com/mexico-city/blog/preventing-thermal-events-during-fast-charging-in-extreme-uae-summer-heat,0,1,0%,295
https://www.wiziot.com/blog/how-fleet-managers-in-kenya-recovered-18-of-diesel-costs-with-probe-integration,0,1,0%,296
https://www.wiziot.com/blog/how-gcc-fleet-and-safety-directors-combined-extreme-heat-ev-management-with-atex,0,1,0%,299