Top queries,Clicks,Impressions,CTR,Position
wiziot,5,7,71.43%,1
roaming billing solution,0,14,0%,70.64
atex telemetry oem transmitter,0,11,0%,8.09
heavy equipment tracking,0,11,0%,55.55
atex approved telemetry,0,10,0%,5
refrigerated truck alarm system,0,10,0%,7.1
heavy equipment telematics,0,10,0%,50.9
ev telematics,0,10,0%,60.8
mining telematics,0,9,0%,37.22
how do i stop fleet trackers going offline crossing the sa-zimbabwe border?,0,8,0%,4
passenger emergency oxygen deployment system market,0,8,0%,73
construction equipment tracking,0,7,0%,66.71
electric bus fleet operations,0,7,0%,91.57
fleet sim cards,0,6,0%,48.17
fleet telematics sim cards,0,6,0%,52
iot telematics solutions,0,6,0%,53
telematics for electric vehicles,0,6,0%,69.83
ambulance fleet management software,0,6,0%,77.5
healthcare fleet telematics,0,5,0%,41.6
battery fleet management,0,5,0%,68.2
heavy equipment monitoring,0,5,0%,69
electric vehicle telematics,0,5,0%,72.4
iot based bus tracking system,0,5,0%,73
fleet tracking for healthcare,0,5,0%,78.6
heavy equipment monitoring system,0,5,0%,80.8
fleet management system malaysia,0,4,0%,52.75
prevent fuel theft,0,4,0%,52.75
real-time yard tracking,0,4,0%,55.25
fleet telematics for pharma,0,4,0%,57.75
chassis tracking system,0,4,0%,59.75
heavy equipment gps tracking,0,4,0%,61.5
predictive excursion alert software,0,4,0%,66.25
gps vlootbeheer,0,4,0%,72
what are the best smart charging features for fleet depots?,0,4,0%,74.5
fleetmatics cost,0,4,0%,75.75
telematica oplossingen voor bedrijven,0,4,0%,76.5
fleetmatics cost per vehicle,0,4,0%,79.75
battery system for fleet vehicles,0,4,0%,81.5
refrigerated trailer alarm system,0,3,0%,6
telematics sim singapore,0,3,0%,6.33
telematics sim malaysia,0,3,0%,9.67
driving time monitoring,0,3,0%,14.67
heavy equipment monitoring iot,0,3,0%,46.67
rfid fleet management malaysia,0,3,0%,49
healthcare fleet tracking,0,3,0%,50.33
telematic gateway,0,3,0%,51.33
gps fleet management malaysia,0,3,0%,52.33
logistics surveillance system malaysia,0,3,0%,58
heavy machinery tracking,0,3,0%,58.33
telematics router,0,3,0%,62.33
fleetmatics integration,0,3,0%,66
logistics charging alerts,0,3,0%,67.67
battery fleet tracking,0,3,0%,78.33
gps fleet tracking dubai,0,3,0%,81.67
fleet management system dubai,0,3,0%,83.67
"how do different telematics platforms compare for reefer temperature 
monitoring and alerting?",0,2,0%,8
telemetry johor,0,2,0%,8
jammins hardware,0,2,0%,8.5
reefer telematics,0,2,0%,17.5
thermal management systems australia,0,2,0%,19
telematics temperature monitoring,0,2,0%,19.5
reefer trailer tracking,0,2,0%,32.5
real time alerts,0,2,0%,33.5
excavator telematics,0,2,0%,35
oilfield safety audit trails,0,2,0%,49.5
telematics sim indonesia,0,2,0%,55
hubt gas sensing payload,0,2,0%,56.5
iot fleet management,0,2,0%,58.5
fleet ev telematics,0,2,0%,64.5
asset tracking solution for heavy equipment,0,2,0%,69.5
ev fleet telematics,0,2,0%,69.5
ambulance tracking,0,2,0%,70.5
heavy equipment tracking device,0,2,0%,71
telematics software development,0,2,0%,71.5
fleet tracking dubai,0,2,0%,72.5
asset tracking software for heavy equipment,0,2,0%,75.5
ambulance fleet solutions,0,2,0%,77.5
ev fleet battery management,0,2,0%,81
fleet battery management,0,2,0%,83
aftermarket telematics solution,0,2,0%,94
isa systeem vrachtwagen,0,1,0%,1
gdpr compliance for vehicle telematics data,0,1,0%,2
roi,0,1,0%,2
jamming,0,1,0%,3
what does it mean,0,1,0%,3
wiz iot company limited,0,1,0%,3
fleet telematics with driver card download automation.,0,1,0%,6
fleet battery,0,1,0%,7
vicore telematics,0,1,0%,7
reefer trailer oem vs telematics solutions,0,1,0%,9
sources?,0,1,0%,9
gps jammer detector,0,1,0%,10
top mixed fleet telematics for managing multi-brand construction equipment,0,1,0%,10
causeway telematics,0,1,0%,11
chassis gps tracking,0,1,0%,11
tachograph integration,0,1,0%,11
ev in uae,0,1,0%,13
remote diagnostics for reefer units,0,1,0%,15
top telematics for equipment manufacturers to white-label,0,1,0%,15
chassis tracking,0,1,0%,18
intermodal alerts,0,1,0%,18
payload monitoring system,0,1,0%,18
reefer sensors,0,1,0%,19
telemetry pit fleet,0,1,0%,19
gps combine harvester,0,1,0%,21
can bus fuel monitoring,0,1,0%,27
commercial telematics solutions,0,1,0%,28
jammer gps flotte,0,1,0%,30
telematics roi calculation methods,0,1,0%,31
anti jammer vehicle tracker,0,1,0%,33
ultrashiptms commercial vehicle telematics,0,1,0%,34
fmsi uae,0,1,0%,36
cold chain telematics solutions for fleets,0,1,0%,38
hubt integrated payload system,0,1,0%,38
real-time maintenance tracking,0,1,0%,48
telematics for heavy equipment,0,1,0%,49
asset tracker for construction equipment,0,1,0%,50
mopar evts,0,1,0%,54
construction asset tracking iot,0,1,0%,55
telematics systems south africa,0,1,0%,56
boost pressure troubleshooting,0,1,0%,58
covert tracking,0,1,0%,58
ev telematics tracking,0,1,0%,58
covert vehicle tracker system,0,1,0%,60
ev telematics analytics,0,1,0%,60
work truck idle reduction,0,1,0%,62
ambulance tracker,0,1,0%,63
tracking fleet,0,1,0%,63
ambulance tracking software uae,0,1,0%,65
connected fleet platform,0,1,0%,65
egse telematics,0,1,0%,65
electric commercial fleet solutions in gabon,0,1,0%,65
ev telematics management,0,1,0%,65
heavy equipment asset management,0,1,0%,65
heavy equipment asset tracking,0,1,0%,65
jamming detection,0,1,0%,66
real-time event notification signal,0,1,0%,66
dubai iot,0,1,0%,67
real-time public transport tracking for small cities,0,1,0%,68
ev telematics analytics firm,0,1,0%,69
construction equipment telematics,0,1,0%,70
iot container tracking service,0,1,0%,70
ev telematics planning software,0,1,0%,72
ev telematics software,0,1,0%,72
telematics solutions cleveland,0,1,0%,73
equipment management software for ambulance services,0,1,0%,74
ev fleet management system,0,1,0%,75
machinery tracking,0,1,0%,75
payload management,0,1,0%,76
company gps,0,1,0%,77
construction equipment monitoring,0,1,0%,77
"gnss navigation risk management tools with gps location spoofing alerts for 
commercial",0,1,0%,78
skid steer telematics,0,1,0%,79
ambulance fleet management,0,1,0%,82
ev telematics reporting,0,1,0%,82
agriculture fleet tracking,0,1,0%,83
ambulance monitoring system,0,1,0%,83
iot in heavy equipment manufacturer,0,1,0%,84
smart fleet on board device market,0,1,0%,85
vehicle tracking system dubai,0,1,0%,86
ambulance asset tracking system,0,1,0%,88
electric fleet management systems,0,1,0%,88
truck telematics companies,0,1,0%,89
ev telematics technology,0,1,0%,90
prox eye for haul trucks,0,1,0%,91
telecom fleet inverters,0,1,0%,91
electric vehicle fleet monitoring,0,1,0%,92
threat detection mining ot,0,1,0%,93
utility fleet telematics,0,1,0%,94
heavy equipment monitoring wireless,0,1,0%,95
real time data connectivity for fleets,0,1,0%,97
managed iot trailers services,0,1,0%,98